task_name,task_id,arrival_count,start_count,busy_time,busy_rate,queue_total_time,queue_average_time,queue_max_time,queue_min_time,process_total_time,process_average_time,process_max_time,process_min_time
再次持有两种资源,Task_hold_all,1,1,3.00,0.2308,0.00,0.00,0.00,0.00,3.00,3.00,3.00,3.00
再次获取两种资源,Task_acquire_all,1,1,0.00,0.0000,0.00,0.00,0.00,0.00,0.00,0.00,0.00,0.00
只释放叉车,Task_release_bound,1,1,0.00,0.0000,0.00,0.00,0.00,0.00,0.00,0.00,0.00,0.00
延迟到达全部释放,Task_delay_all_arrival,1,1,10.00,0.7692,0.00,0.00,0.00,0.00,10.00,10.00,10.00,10.00
持有两种资源,Task_hold_subset,1,1,3.00,0.2308,0.00,0.00,0.00,0.00,3.00,3.00,3.00,3.00
继续持有司机,Task_hold_driver,1,1,2.00,0.1538,0.00,0.00,0.00,0.00,2.00,2.00,2.00,2.00
获取两种资源,Task_acquire_subset,1,1,0.00,0.0000,0.00,0.00,0.00,0.00,0.00,0.00,0.00,0.00
释放全部资源,Task_release_all,1,1,0.00,0.0000,0.00,0.00,0.00,0.00,0.00,0.00,0.00,0.00
释放剩余资源,Task_release_all_remaining,1,1,0.00,0.0000,0.00,0.00,0.00,0.00,0.00,0.00,0.00,0.00
